chiffre_affaires_total,nombre_transactions
1620123.72,5181
region,chiffre_affaires_region
Sud,460868.3
Centre,458753.36
Ouest,294885.82
Nord,247671.12
Est,157945.12
region,0.0
annee,chiffre_affaires_annee
,0.0
2024,379126.34
2025,800666.32
2026,440331.06
region,produit_categorie,chiffre_affaires_categorie
Centre,Cosmetique,97326.5
Centre,Textile,94792.34
Centre,Electronique,92195.32
Centre,Alimentaire,89000.88
Centre,Mobilier,85438.32
Est,Cosmetique,33279.7
Est,Alimentaire,32356.74
Est,Electronique,31707.98
Est,Textile,30414.06
Est,Mobilier,30186.64
Nord,Mobilier,54246.88
Nord,Cosmetique,50358.56
Nord,Textile,49979.54
Nord,Alimentaire,47567.5
Nord,Electronique,45518.64
Ouest,Cosmetique,69548.82
Ouest,Alimentaire,59550.18
Ouest,Mobilier,56004.52
Ouest,Electronique,55473.08
Ouest,Textile,54309.22
Sud,Mobilier,107049.78
Sud,Alimentaire,97276.36
Sud,Cosmetique,87620.5
Sud,Electronique,86512.16
Sud,Textile,82409.5
region,produit_categorie,0.0
id_client,montant_total_depense
53,8991.06
438,8048.82
179,7917.4
509,7906.16
257,7193.54
519,7093.3
339,7077.82
381,6653.6
395,6555.92
366,6542.06
428,6500.68
98,6374.3
436,6340.9
18,6252.7
375,6251.92
302,6243.7
212,6136.64
320,6126.36
176,6109.16
463,6004.56
region,panier_moyen
Centre,392.77
Sud,366.93
Ouest,299.07
Nord,273.37
Est,182.81
region,0.0
mois,chiffre_affaires_mois
2026-05,101995.08
2026-06,94775.18
2025-05,90468.24
2024-12,82005.7
2024-07,79991.54
region,id_client,montant_total_depense,rang_client
Centre,528,5032.84,1
Centre,509,4577.64,2
Centre,176,3942.72,3
Est,292,1935.6,1
Est,30,1699.58,2
Est,74,1647.72,3
Nord,381,2601.88,1
Nord,302,2573.44,2
Nord,199,2400.98,3
Ouest,498,4280.6,1
Ouest,18,3161.96,2
Ouest,452,2988.86,3
Sud,179,5809.5,1
Sud,53,5682.68,2
Sud,98,5022.52,3
region,id_client,0.0,1
